{"intents": [
  {"tag": "greeting",
  "patterns": ["Hi there", "How are you", "Is anyone there?","Hey","Hola", "Hello", "Good day"],
  "responses": ["Hello, thanks for asking", "Good to see you again", "Hi there, how can I help?"],
  "context": [""]
},
{"tag": "goodbye",
"patterns": ["Bye", "See you later", "Goodbye", "Nice chatting to you, bye", "Till next time"],
"responses": ["See you!", "Have a nice day", "Bye! Come back again soon."],
"context": [""]
},
{"tag": "thanks",
"patterns": ["Thanks", "Thank you", "That's helpful", "Awesome, thanks", "Thanks for helping me"],
"responses": ["Happy to help!", "Any time!", "My pleasure"],
"context": [""]
},
{"tag": "noanswer",
"patterns": [],
"responses": ["Sorry, can't understand you", "Please give me more info", "Not sure I understand"],
"context": [""]
},
{"tag": "options",
"patterns": ["How you could help me?", "What you can do?", "What help you provide?", "How you can be helpful?", "What support is offered"],
"responses": ["I am here to answer questions that you may have on rubber agriculture.","I can help you with latex harvesting inquires","I can answer questions related to plant pathology "],
"context": [""]
},
{"tag": "start tapping",
"patterns": ["What is the criteria to start tapping in rubber trees?","When should you start tapping?","When to tap?","Tap when?"],
"responses": ["Tapping can be started in a plantation when 70% of the trees attain a girth of 50 cm at a height of 125 cm from the bud union."],
"context": [""]
},
{"tag": "LFT" ,
"patterns": [" What is low frequency tapping (LFT)?","What is low frequency tapping?","Low frequency tapping?"],
"responses": ["When the interval between two consecutive tapping is more than two days it is called low frequency tapping. eg. d3- 104 tapping days/year; d4-78 tapping days/year; d7-52 tapping days per year"],
"context": [""]
},
{"tag": "rain guard",
"patterns": [" Is it necessary to rain guard rubber trees during rainy season under weekly tapping?","Do we need rain guard trees?","Is rain guarding good?","should you rain guard?"],
"responses": ["To get the full benefit under weekly tapping rain guarding is essential during this season."],
"context": [""]
},
{"tag": "ethephon",
"patterns": [" Does ethephon cause any harm to rubber trees?","Does ethephon harm rubber?","Is ethephon harmful?"],
"responses": ["Application of recommended dose of ethephon does not cause any harm to rubber trees."],
"context": [""]
},
{"tag": "CUT",
"patterns": ["What are the important points to remember in Controlled Upward Tapping (CUT)?","Controlled upward tapping","CUT"],
"responses": ["Maintain tapping panel length to one fourth under third daily tapping and one third under weekly tapping. Use only modified gouge knife for tapping and apply recommended dose of ethephon."],
"context": [""]
},
{"tag": "Colletotrichum",
"patterns": ["What is this symptom of Colletotrichum Circular Leaf Spot disease?","Colletotrichum leaf spot disease","Symptom of Colletotrichum"],
"responses": ["Round or typical round like"],
"context": [""]
},
{"tag": "symptom-leaves",
"patterns": ["The symptom is on mature/immature leaves?","Is the symptom on mature leaves?","Does mature/immature leaves show symptoms?"],
"responses": ["Mature leaves"],
"context": [""]
},
{"tag": "symptom-type",
"patterns": ["The symptom is spot like or points?","Is the symptom spots or points?"],
"responses": ["Spots and points"]
},
{"tag": "symptoms-number",
"patterns": ["How many symptoms on leaves"],
"responses": ["One to many"],
"context": [""]
},
{"tag": "symptom-when",
"patterns": ["The symptom appear during rainy season"],
"responses": ["Yes"],
"context": [""]
},
{"tag": "symptom-petiole",
"patterns": ["Symptom is on petiole?"],
"responses": ["No"],
"context": [""]
},
{"tag": "symptom-leaf-fall",
"patterns": ["Leaf fall noticed?"],
"responses": ["Yes"],
"context": [""]
},
{"tag": "symptom-colour",
"patterns": ["Spot is either white or black in colour"],
"responses": ["Black and White"],
"context": [""]
},
{"tag": "symptom-leaf-retain",
"patterns": ["Infected leaves are retained in the tree?"],
"responses": ["Yes"],
"context": [""]
},
{"tag": "symptom-tender-leaf",
"patterns": ["Any infection on tender leaves?"],
"responses": ["No"],
"context": [""]
},
{"tag": "symptom-protection",
"patterns": ["Any leaf protection measures carried out?"],
"responses": ["No/Yes"],
"context": [""]
},
{"tag": "botany-polyclonal",
"patterns": ["What is a polyclonal seedling plantation?"],
"responses": ["It is a rubber plantation raised using seeds collected from a plantation consisting of more than one clone."],
"context": [""]
},
{"tag": "botany-clones",
"patterns": ["What is the difference between the categories of clones recommended for planting by Rubber Board?"],
"responses": ["The planting materials approved by the Rubber Board are classified in to three categories i.e. Category I, II  and III. Category-I comprises of materials approved for large scale planting. However, it is strongly recommended that these may be used to cover only 50% of the total area of any estate or small holding. Category-II comprises of clones which have shown their merit in performance over long or medium term periods in our experimental trials. It is recommended to use three or more of these clones up to 50 per cent of the total area of any estate or small holding. Category-III comprises of clones which exhibited better performance either in our small-scale trials or over short term in some of our large scale trials.  These clones are recommended only for experimental planting in smaller areas not exceeding 15 percent of the total area. "],
"context": [""]
},
{"tag": "botany-planting-recommend",
"patterns": ["Is there any specific planting recommendation for growers of different regions of India?"],
"responses": ["Yes. There is a district-wise “Region Specific Planting Recommendation” which consists of information on clones recommended for different regions of India. Growers can select those clones suitable for their district. Please refer to the relevant section for more information."],
"context": [""]
},
{"tag": "botany-clones-recommend",
"patterns": ["Are there clones recommended specifically for regions which experience more diseases, high wind, cold, drought etc.?"],
"responses": ["Yes. There are clones recommended for regions with specific situations like severe disease incidences or limiting climatic conditions, strong wind, etc. Please refer to the relevant section for more information.  "],
"context": [""]
},
{"tag": "category-clone-recommend",
"patterns": ["There are more than one clone recommended for planting under Category-I. Which clone should be chosen for planting in my land?"],
"responses": ["Category-I comprises of materials approved for large scale planting. However, it is strongly recommended that these clones may be used to cover only 50 % of the total area of any estate or small holding. A clone can be chosen from the above category of clones according to the farmer’s need and suitability of clones for their particular region based on the “Region Specific Planting Recommendation”."],
"context": [""]
},
{"tag": "botany-polybag",
"patterns": ["Are root trainer plants better than polybag plants?"],
"responses": ["Root trainer plants have less weight compared to polybag plants. So, transportation and planting costs are considerably lesser for root trainer plants. However, yield of the planting material (either polybag or root trainer) depends upon the yield potential of the selected clone, location and proper agromanagement practices."],
"context": [""]
},
{"tag": "botany-wind-resistant",
"patterns": ["Which clones are suitable for wind prone areas?"],
"responses": ["RRII 430 and PB 260 are suitable for wind prone areas."],
"context": [""]
},
{"tag": "botany-drought-resistant",
"patterns": ["What are the clones recommended for drought prone regions?"],
"responses": ["RRII 429, RRII 430, RRII 208 and RRIM 600 are suitable for drought prone regions."],
"context": [""]
},
{"tag": "botany-clone-recomnd",
"patterns": ["9.What are the clones recommended for North Eastern region?"],
"responses": ["RRII 429, RRII 208 and RRIM 600 are clones suitable for North Eastern region"],
"context": [""]
},
{"tag": "botany-budwood-clones",
"patterns": ["From where can a grower get the budwood of Category II or III clones?"],
"responses": ["Growers may contact Rubber Research Institute of India, Kottayam 686 009, Kerala, for getting budwood of Category II or III clones."],
"context": [""]
},
{"tag": "botany-altitude",
"patterns": ["Why RRII 430 is not recommended for high altitude areas of my District although it is given in the general recommendation for my District?"],
"responses": ["RRII 430 is susceptible to Powdery mildew disease that is prevalent in high altitude regions where mist and dew is common during refoliation period."],
"context": [""]
},
{"tag": "botany-polybag-adv",
"patterns": ["Do root trainer plants have any advantage compared to polybag plants with regard to yield and growth?"],
"responses": ["Growth and yield of Root trainer plants and Polybag plants are comparable. The advantage of Root trainer plants are mainly reduction in cost of planting (lesser labour for transport) and use of coir pith as potting medium instead of top soil and hence it is more eco-friendly and economic."],
"context": [""]
},
{"tag": "botany-green/brown-bud",
"patterns": ["Of the two types of planting materials available which one is better - Green budded or brown budded plant?"],
"responses": ["Growth and yield of green and brown budded plants are comparable and hence both can be used according to convenience/availability."],
"context": [""]
},
{"tag": "botany-ideal",
"patterns": ["What is the ideal season for new rubber planting in traditional regions?"],
"responses": ["June to September depending up on the rain fall "],
"context": [""]
},
{"tag": "reuse",
"patterns": ["Is it possible to reuse root trainer cups?"],
"responses": ["Yes, it is reusable at least for 10 times"],
"context": [""]
},
{"tag": "whorls-number",
"patterns": ["Plants with how many whorls are required for planting?"],
"responses": ["A plant with one mature whorl of leaves is sufficient or preferred in case of budded plants."],
"context": [""]
},
{"tag": "botany-buds",
"patterns": ["How many buds can be obtained from one metre of brown bud wood?"],
"responses": ["In general, 15 to 20 healthy brown buds can be taken from one metre of brown budwood."],
"context": [""]
},
{"tag": "budwood-nursery",
"patterns": ["What is a bud wood nursery?"],
"responses": ["A budwood nursery consists of budded plants of clones which is cut every year to allow emergence of new shoots from which bud sticks with buds can be obtained for further bud-grafting purpose. "],
"context": [""]
},
{"tag": "bud-usage",
"patterns": ["Can we use bud sticks collected directly from mature trees for raising a plantation?"],
"responses": ["No, it is not advisable to use bud wood obtained from bud sticks directly collected from mature trees in order to raise a plantation. However, such bud sticks can be used to establish budwood nursery. "],
"context": [""]
}
]}